{
  "RF": {
    "auc": [
      0.9997342705695892,
      0.9997220708698736,
      0.9997218963056927,
      0.9997402587904899,
      0.9997385398262023
    ],
    "f1_macro": [
      0.9882759226063977,
      0.9873929095651267,
      0.9874032439375054,
      0.988093397260965,
      0.9886498286727431
    ],
    "f1_GFL": [
      0.9688679245283018,
      0.9665252239509665,
      0.9665567593028733,
      0.9683813119395942,
      0.9698681732580038
    ],
    "f1_GFM": [
      0.9959598432908913,
      0.9956535047444138,
      0.995652972509643,
      0.9958988798433005,
      0.9960813127602254
    ],
    "f1_trans": [
      1.0,
      1.0,
      1.0,
      1.0,
      1.0
    ]
  },
  "SVM-inst": {
    "auc": [
      0.9882961845900425,
      0.9896142716500136,
      0.9901847797010376,
      0.9903013963967026,
      0.9895746252400137
    ],
    "f1_macro": [
      0.8863760502866591,
      0.8928542586996264,
      0.8959095380546223,
      0.8951507285554724,
      0.8891960018302537
    ],
    "f1_GFL": [
      0.7337180544105524,
      0.7497962510187449,
      0.7550505050505051,
      0.754608766898812,
      0.7418546365914787
    ],
    "f1_GFM": [
      0.9679945311043441,
      0.9678544729628706,
      0.9716689348014351,
      0.971719808564858,
      0.9694680126339258
    ],
    "f1_trans": [
      0.9574155653450808,
      0.9609120521172638,
      0.9610091743119266,
      0.959123610202747,
      0.9562653562653562
    ]
  },
  "SVM-roll": {
    "auc": [
      0.9981133309559187,
      0.9977907078200735,
      0.9970684619567781,
      0.9983100069650503,
      0.997972556947048
    ],
    "f1_macro": [
      0.9586821622362279,
      0.9606903611662715,
      0.9579885168752705,
      0.9671860121928372,
      0.9563835433388937
    ],
    "f1_GFL": [
      0.8939962476547842,
      0.8994905048633627,
      0.8910225636101776,
      0.916058394160584,
      0.8876560332871013
    ],
    "f1_GFM": [
      0.9860727652003191,
      0.9866043996558929,
      0.9864856601235248,
      0.9890434568509171,
      0.985680044250507
    ],
    "f1_trans": [
      0.99597747385358,
      0.995976178979559,
      0.9964573268921095,
      0.9964561855670103,
      0.9958145524790728
    ]
  },
  "XGB": {
    "auc": [
      0.9997549703057568,
      0.9997425647961555,
      0.999732701570506,
      0.9997494213696143,
      0.9997494316469787
    ],
    "f1_macro": [
      0.9885976822164556,
      0.9878771982993862,
      0.9878672503976483,
      0.9875318495039677,
      0.9887799138235623
    ],
    "f1_GFL": [
      0.969811320754717,
      0.9678942398489141,
      0.9678638941398866,
      0.9669811320754716,
      0.9702970297029703
    ],
    "f1_GFM": [
      0.9961432506887052,
      0.9958988798433005,
      0.9958993818471142,
      0.9957759412304867,
      0.996204236561773
    ],
    "f1_trans": [
      0.9998384752059442,
      0.9998384752059442,
      0.9998384752059442,
      0.9998384752059442,
      0.9998384752059442
    ]
  }
}